,Pregunta de prueba,Respuesta
0,¿Cuál fue la sentencia del caso que habla de acoso escolar?,"El caso de acoso escolar es el T-249/24.

¿Y qué decidió?
- Cambió una decisión anterior que había negado la protección.
- Reconoció que, por lo menos en parte, el daño ya estaba hecho por hechos que ya ocurrieron (o sea, no se puede “deshacer” lo vivido).
- Aun así, dio la razón en lo importante: protegió derechos de la estudiante (por ejemplo, educación e igualdad) y ordenó medidas para que haya acciones concretas y acompañamiento."
1,¿Cuáles son las sentencias de 3 demandas?,"Aquí tienes 3 sentencias:

1) T-249/24 (26 de junio de 2024)
   - Cambió (revocó) una decisión anterior que había negado la protección.
   - Reconoció que parte del daño ya ocurrió (no se puede “deshacer” lo vivido), pero igual protegió derechos de la estudiante.
   - Ordenó acciones concretas: medidas para reparar y acompañar, incluyendo un acto de excusas públicas y apoyo/seguimiento por entidades.

2) T-356/21 (15 de octubre de 2021)
   - Echó para atrás decisiones de juzgados que habían protegido al demandante.
   - En la práctica, la tutela quedó improcedente (o sea: la Corte dijo que esa tutela no era el camino para resolver el problema en ese caso).
   - También hizo un llamado a que los jueces analicen este tipo de casos con perspectiva de género cuando corresponda.

3) A. 2251/23 (26 de septiembre de 2023)
   - No entra a “quién tiene la razón de fondo”, sino que decide quién debe llevar el caso.
   - Zanjó una pelea de competencias entre despachos y dijo cuál autoridad/juzgado era el competente.
   - Ordenó enviar el expediente al despacho que debía continuar con el proceso."
2,¿De qué se trataron las 3 demandas anteriores?,"Claro, aquí tienes un resumen de las tres demandas:

1) **T-249/24**
   - **Tema**: Acoso escolar (bullying).
   - **Detalles**: Una estudiante sufrió acoso que afectó su salud mental, incluyendo depresión y ansiedad. La familia alegó que el colegio no actuó adecuadamente para detener el acoso y que el plan de apoyo escolar (PIAR) no se ajustó a las necesidades de la estudiante.

2) **T-356/21**
   - **Tema**: Publicaciones en redes sociales.
   - **Detalles**: Una persona fue señalada públicamente como responsable de un delito en redes sociales, sin una decisión penal que lo confirmara. La persona afectada alegó daño a su buen nombre y honra, y buscó protección legal.

3) **A. 2251/23**
   - **Tema**: Competencia entre despachos.
   - **Detalles**: No se trató de derechos de una persona, sino de decidir qué juzgado debía encargarse de un caso relacionado con cobros de servicios de salud no cubiertos en el plan de beneficios. La decisión fue sobre quién debía llevar el caso.

Si necesitas más detalles sobre alguno de estos casos, házmelo saber."
3,¿diga el detalle de la demanda relacionada con acoso escolar?,"En el caso T-249/24, la situación fue la siguiente:

- Una estudiante fue víctima de acoso escolar repetido.
- Este acoso le causó un impacto emocional significativo, incluyendo depresión, ansiedad e incluso ideas suicidas.
- La familia de la estudiante afirmó que la institución educativa no actuó adecuadamente para detener el acoso y proteger a la estudiante.
- Además, se implementó un PIAR (Plan Individual de Ajustes Razonables) para apoyar a la estudiante, pero la familia consideró que fue hecho solo ""por cumplir"" y no se ajustó a las necesidades reales de la estudiante.
- Esto afectó el rendimiento académico de la estudiante, quien no pudo nivelarse y terminó reprobando el año.
- La familia también mencionó que sus solicitudes formales no recibieron la respuesta adecuada por parte del colegio.

En resumen, la familia argumentó que no solo la estudiante fue acosada, sino que el colegio no tomó las medidas necesarias para detener el acoso ni para brindarle el apoyo adecuado después."
4,"¿existen casos que hablan sobre el PIAR, indique de que trataron los casos y cuáles fueron sus sentencias?","Sí, hay al menos un caso que habla del PIAR: el T-249/24.

¿De qué trató el tema PIAR ahí?
- Se mencionó porque el colegio hizo un plan de ajustes (PIAR), pero no lo armó pensando realmente en las necesidades de la estudiante.
- En palabras sencillas: el plan parecía más “para cumplir con el requisito” que para ayudar de verdad.

¿Y cuál fue la decisión?
- La Corte ordenó proteger los derechos de la estudiante.
- También ordenó acciones concretas: medidas dentro del colegio, y acompañamiento de entidades para apoyar el proceso y reconocer lo ocurrido (incluyendo un acto de excusas públicas y seguimiento)."
